’c‘ΜƒR[ƒh,’c‘Μ–Ό,•¶‰»ΰ–Ό,T—v,w’θ‹ζ•,ƒJƒeƒSƒ,υ”,κ–ΌΜ,κ_Z,κ_ά“x,κ_o“x,w’θ”N“ϊ,Υ“ϊ,•¶‰»ΰφJ‚Μ—L–³,©—R‹Lq—“,‰ζ‘,‰ζ‘_ƒ‰ƒCƒZƒ“ƒX,‰ζ‘_‰ζ‘ƒeƒLƒXƒg,•¶‰»ΰ—L,•¶‰»ΰ•Ϋ—L{έ,•¶‰»ΰ•Ϋ—L{έ_A—ζ,•¶‰»ΰ•Ϋ—L{έ_“db”Τ†,•¶‰»ΰ•Ϋ—L{έ_ƒ[ƒ‹ƒAƒhƒƒX,•¶‰»ΰ•Ϋ—L{έURL
112321,‹vμs,†–{’F“`’εήa®‘,,‘w’θ,G‰ζ,,ι‹Κ§—§—πj‚Ζ–―‘­‚Μ”•¨Ω,ι‹Κ§‚³‚Ά‚½‚άs‘ε‹{‹ζ‚•@’¬4’–Ϊ219,35.92118611,139.6298111,1914/4/17,,,,,,,Γ©‰@,ι‹Κ§—§—πj‚Ζ–―‘­‚Μ”•¨Ω,,,,
112321,‹vμs,‘Ύ“,,‘w’θ,H|•i,,“‹‘—§”•¨Ω,“‹“s‘δ“‹ζγ–μφ‰€13-9,35.718847,139.776519,1914/4/17,,,,,,,h‹{_Π,“‹‘—§”•¨Ω,,,,
112321,‹vμs,όΆ\άΕ‹Ύ‘,,‘w’θ,H|•i,,‹“s‘—§”•¨Ω,‹“s•{‹“ss“R‹ζ’ƒ‰®’¬527,34.990023,135.773116,1953/11/24,,,,,,,Βl,‹“s‘—§”•¨Ω,,,,
112321,‹vμs,h‹{Γ”ny_y,,‘w’θ,–³`–―‘­,,h‹{_Π@_y“a,ι‹Κ§‹vμsh‹{,36.099678,139.655031,1976/5/4,Ξ’UΥ(1/1)A”N‰zΥ(2/14)At‹G’h‘εΥ(4/10)A‰Δ‰zΥ(7/31)AH‹G’h‘εΥ(10/10)A‘ε“ΡΥ(12‰“Ρ“ϊ),—L,,,,,Γ”ny_y•Ϋ‘¶‰ο,,,,,
112321,‹vμs,‹γ—j‹eU‘o‹Ύ,,‘”F’θ,H|•i,,ι‹Κ§—§—πj‚Ζ–―‘­‚Μ”•¨Ω,ι‹Κ§‚³‚Ά‚½‚άs‘ε‹{‹ζ‚•@’¬4’–Ϊ219,35.92118611,139.6298111,1949/4/13,,,,,,,Γ©‰@,ι‹Κ§—§—πj‚Ζ–―‘­‚Μ”•¨Ω,,,,
112321,‹vμs,\O•§”Ε–Ψ,,‘”F’θ,H|•i,,ι‹Κ§—§—πj‚Ζ–―‘­‚Μ”•¨Ω,ι‹Κ§‚³‚Ά‚½‚άs‘ε‹{‹ζ‚•@’¬4’–Ϊ219,35.92118611,139.6298111,1948/4/27,,,,,,,Γ©‰@,ι‹Κ§—§—πj‚Ζ–―‘­‚Μ”•¨Ω,,,,
112321,‹vμs,‰ΊV–x‹vΙ“¤_Π–{“ai•t“D“ρ–‡j,,§w’θ,‘Ά•¨,,‰ΊV–x‹vΙ“¤_Π,ι‹Κ§‹vμs—’¬V–x600,36.065008,139.596431,1991/3/15,,,,,,,‰ΊV–x‹vΙ“¤_Π,,,,,
112321,‹vμs,¦–{’…F‘«—­‘,,§w’θ,G‰ζ,,ι‹Κ§—§—πj‚Ζ–―‘­‚Μ”•¨Ω,ι‹Κ§‚³‚Ά‚½‚άs‘ε‹{‹ζ‚•@’¬4’–Ϊ219,35.92118611,139.6298111,1976/3/30,,,,,,,Γ©‰@,ι‹Κ§—§—πj‚Ζ–―‘­‚Μ”•¨Ω,,,,
112321,‹vμs,¦–{’…F”@Σ—ΦΟ‰Ή‘,,§w’θ,G‰ζ,,ι‹Κ§—§—πj‚Ζ–―‘­‚Μ”•¨Ω,ι‹Κ§‚³‚Ά‚½‚άs‘ε‹{‹ζ‚•@’¬4’–Ϊ219,35.92118611,139.6298111,1994/3/16,,,,,,,‹gΛ‰@,ι‹Κ§—§—πj‚Ζ–―‘­‚Μ”•¨Ω,,,,
112321,‹vμs,¦–{’…F’n‘ •μF‘,,§w’θ,G‰ζ,,ι‹Κ§—§—πj‚Ζ–―‘­‚Μ”•¨Ω,ι‹Κ§‚³‚Ά‚½‚άs‘ε‹{‹ζ‚•@’¬4’–Ϊ219,35.92118611,139.6298111,1994/3/16,,,,,,,‹gΛ‰@,ι‹Κ§—§—πj‚Ζ–―‘­‚Μ”•¨Ω,,,,
112321,‹vμs,¦–{’…Fά‘ε‘Έ‘,,§w’θ,G‰ζ,,ι‹Κ§—§—πj‚Ζ–―‘­‚Μ”•¨Ω,ι‹Κ§‚³‚Ά‚½‚άs‘ε‹{‹ζ‚•@’¬4’–Ϊ219,35.92118611,139.6298111,1994/3/16,,,,,,,‹gΛ‰@,ι‹Κ§—§—πj‚Ζ–―‘­‚Μ”•¨Ω,,,,
112321,‹vμs,“Ί»‘o’ί–H?•¶‹Ύ,,§w’θ,H|•i,,‹vμs—§‹½“y‘—ΏΩ,ι‹Κ§‹vμsh‹{5’–Ϊ33-1,36.09918694,139.665475,1956/11/1,,,,,,,h‹{_Π,‹vμs—§‹½“y‘—ΏΩ,,,,
112321,‹vμs,“Ί»‹Λ•¶•ϋ‹Ύi•t’Ύ‹ΰ’¤‹Λ•¶β¦j,,§w’θ,H|•i,,‹vμs—§‹½“y‘—ΏΩ,ι‹Κ§‹vμsh‹{5’–Ϊ33-1,36.09918694,139.665475,1964/3/27,,,,,,,h‹{_Π,‹vμs—§‹½“y‘—ΏΩ,,,,
112321,‹vμs,“Ί»δ³‘Μ,,§w’θ,H|•i,,‹vμs—§‹½“y‘—ΏΩ,ι‹Κ§‹vμsh‹{5’–Ϊ33-1,36.09918694,139.665475,1964/3/27,,,,,,,h‹{_Π,‹vμs—§‹½“y‘—ΏΩ,,,,
112321,‹vμs,“Ί»–H?•¶‹Ύ,,§w’θ,H|•i,,‹vμs—§‹½“y‘—ΏΩ,ι‹Κ§‹vμsh‹{5’–Ϊ33-1,36.09918694,139.665475,1964/3/27,,,,,,,h‹{_Π,‹vμs—§‹½“y‘—ΏΩ,,,,
112321,‹vμs,–Ψ‘Άί‰ή”@—Ώ‘,,§w’θ,’¤,,—μχ›,ι‹Κ§‹vμsh‹{3’–Ϊ6-1,36.102094,139.661059,1978/3/28,,,,,,,—μχ›,,,,,
112321,‹vμs,h‹{_Π•¶‘i•t“D‚P–‡A•¶‘‚Q‚R“_j,,§w’θ,Γ•¶‘,,‹vμs—§‹½“y‘—ΏΩ,ι‹Κ§‹vμsh‹{5’–Ϊ33-1,36.09918694,139.665475,1964/3/27,,,,,,,h‹{_Π,‹vμs—§‹½“y‘—ΏΩ,,,,
112321,‹vμs,‘«—­ΩΥ‹y‚Ρ•ζ,,§w’θ,jΥ,,Γ©‰@,ι‹Κ§‹vμs–{’¬7’–Ϊ2-18,36.07347389,139.668835,1925/3/31,,,,,,,Γ©‰@,,,,,
112321,‹vμs,“V‰¤R’Λ,,§w’θ,jΥ,,“V‰¤R’Λ,ι‹Κ§‹vμs—’¬γΤ3284-1,36.03904889,139.5744761,1931/3/27,,—L,,,,,_–Ύ_ΠE³–@‰@,,,,,
112321,‹vμs,°•Ϋ΅…”θ,,§w’θ,jΥ,,h‹{_Π,ι‹Κ§‹vμsh‹{1’–Ϊ6-1,36.099797,139.655079,1928/3/31,,—L,,,,,h‹{_Π,,,,,
112321,‹vμs,—‚ΜƒtƒW,,§w’θ,“V‘R‹L”O•¨,,—_Π,ι‹Κ§‹vμs—’¬—552,36.067682,139.603972,1952/3/31,,—L,,,,,—_Π,,,,,
112321,‹vμs,_–Ύ_Π‚ΜΠ‘p,,§w’θ,“V‘R‹L”O•¨,,_–Ύ_Π,ι‹Κ§‹vμs—’¬γΤ3366,36.045835,139.5756089,1977/3/29,,—L,,,,,_–Ύ_Π,,,,,
112321,‹vμs,’†μ’α’n‚Μ‰Ν”Θ»‹uQ@Ό‘ε—Φ»‹u,,§w’θ,“V‘R‹L”O•¨,,Ό‘ε—Φ—‹“dΠ,ι‹Κ§‹vμsΌ‘ε—Φ243,36.095683,139.674617,2016/3/15,,—L,,,,,—‹“dΠ,,,,,
112321,‹vμs,_“Ή–³”O—¬Λ‰κθ—ϋ•βΥ,,§w’θ,‹Υ,,_“Ή–³”O—¬Λ‰κθ—ϋ•βΥ,ι‹Κ§‹vμsγ΄‹v144,36.080855,139.652614,1943/3/31,,—L,,,,,Βl,,,,,
112321,‹vμs,I‹΄ΦΥ,,§w’θ,‹Υ,,I‹΄ΦΥ,ι‹Κ§‹vμsI‹΄–k2’–Ϊ7,36.141287,139.702761,1961/9/1,,—L,,,,,‹vμs,,,,,
112321,‹vμs,‘«—βΥo“y‹Ξν,,sw’θ,lΓ‘—Ώ,,‹vμs—§‹½“y‘—ΏΩ,ι‹Κ§‹vμsh‹{5’–Ϊ33-1,36.09918694,139.665475,2020/12/1,,—L,,,,,‹vμs,‹vμs—§‹½“y‘—ΏΩ,,,,
112321,‹vμs,²Τ¬‘΄βΥo“yβ•¨,,sw’θ,lΓ‘—Ώ,,‹vμs—§‹½“y‘—ΏΩ,ι‹Κ§‹vμsh‹{5’–Ϊ33-1,36.09918694,139.665475,2020/12/1,,—L,,,,,‹vμs,‹vμs—§‹½“y‘—ΏΩ,,,,
112321,‹vμs,„—§wZ–Ύ—ΟΩΦW‘—Ώ,,sw’θ,Γ•¶‘,,Βl‘ξ,ι‹Κ§‹vμs]–Κ,,,1972/8/18,,,,,,,Βl,,,,,
112321,‹vμs,_“Ή–³”O—¬Λ‰κθ—ϋ•“ΉκΦW‘—Ώ,,sw’θ,Γ•¶‘,,‹vμsφ•¶‘Ω,ι‹Κ§‹vμs‰Ί‘©85-1,36.062774,139.666824,1972/8/18,,—L,,,,,Βl,‹vμsφ•¶‘Ω,,,,
112321,‹vμs,’·”ΒΞ“ƒ”k,,sw’θ,lΓ‘—Ώ,,•ΥΖ‰@,ι‹Κ§‹vμs‹vμ–k1’–Ϊ8-53,36.07195806,139.6776481,1972/8/18,,—L,,,,,•ΥΖ‰@,,,,,
112321,‹vμs,΄•›‚Μ‘εƒCƒ`ƒ‡ƒE,,sw’θ,“V‘R‹L”O•¨,,΄•›,ι‹Κ§‹vμs‰Ί΄‹v360,36.073745,139.651242,1973/3/16,,—L,,,,,΄•›,,,,,
112321,‹vμs,΅”ΒΞ“ƒ”k,,sw’θ,lΓ‘—Ώ,,‹γ‰¤‰@,ι‹Κ§‹vμs–x471,36.048653,139.632638,1973/3/16,,—L,,,,,‹γ‰¤‰@,,,,,
112321,‹vμs,–x‚Μ‚q•‘,,sw’θ,–³`–―‘­,,–x‹vΙ“¤_Π,ι‹Κ§‹vμs–x,36.049117,139.632119,1976/3/26,4/19‘Oγ‚Μ“ϊ—j“ϊ,—L,,,,,–x‚q•Ϋ‘¶‰ο,,,,,
112321,‹vμs,‘Ύ“c‘ά‚Μ‚D•tΓ•¶‘,,sw’θ,—πj‘—Ώ,,Βl‘ξ,ι‹Κ§‹vμs‘Ύ“c‘ά,,,1976/3/26,,,,,,,Βl,,,,,
112321,‹vμs,γ‘©‘ΊΓ•¶‘,,sw’θ,Γ•¶‘,,‹vμsφ•¶‘Ω,ι‹Κ§‹vμs‰Ί‘©85-1,36.062774,139.666824,1976/3/26,,—L,,,,,‹vμs,‹vμsφ•¶‘Ω,,,,
112321,‹vμs,”‰__Π‚Μ_—`,,sw’θ,—πj‘—Ώ,,‹vμ”‰__Π,ι‹Κ§‹vμs–{’¬1’–Ϊ1224,36.069564,139.672217,1978/11/17,,,,,,,”‰__Π,,,,,
112321,‹vμs,–Ψ‘Ί‰Ζ•¶‘,,sw’θ,Γ•¶‘,,Βl‘ξ,ι‹Κ§‹vμs–μ‹vμ,,,1978/11/17,,,,,,,Βl,,,,,
112321,‹vμs,‘P“Ώ›‚Μ–Ψ‘ΆΆ–ν‘Ι”@——§‘‹y—Όe‘,,sw’θ,’¤,,‘P“Ώ›,ι‹Κ§‹vμs]–Κ864,36.06538111,139.6533389,1978/11/17,,,,,,,‘P“Ώ›,,,,,
112321,‹vμs,μ£‰Ζ‚ΜƒCƒkƒ}ƒL,,sw’θ,“V‘R‹L”O•¨,,Βl‘ξ,ι‹Κ§‹vμsΒ–Ρ4’–Ϊ,36.07734,139.704811,1985/4/1,,—L,,,,,Βl,,,,,
112321,‹vμs,h‹{_Π‚Μƒ}ƒc•ΐ–Ψ,,sw’θ,“V‘R‹L”O•¨,,‰Ί‘©h‹{_Π,ι‹Κ§‹vμs‰Ί‘©713,36.053818,139.676891,1985/4/1,,—L,,,,,ƒ}ƒc•ΐ–Ψ•Ϋ‘¶‰ο,,,,,
112321,‹vμs,“ΰ“c‰Ζ•¶‘i•t’n‘d‰ό³‘—Κ—p‹οj,,sw’θ,Γ•¶‘,,ι‹Κ§—§•¶‘Ω,ι‹Κ§‚³‚Ά‚½‚άs‰Ya‹ζ‚»4’–Ϊ3-18,35.85731611,139.64696,1985/4/1,,—L,,,,,Βl,ι‹Κ§—§•¶‘Ω,,,,
112321,‹vμs,–Ξ–Ψ‰Ζ•¶‘,,sw’θ,Γ•¶‘,,Βl‘ξ,ι‹Κ§‹vμs–x,,,1988/4/1,,,,,,,Βl,,,,,
112321,‹vμs,‘μ‰Ζ•¶‘,,sw’θ,Γ•¶‘,,‹vμsφ•¶‘Ω,ι‹Κ§‹vμs‰Ί‘©85-1,36.062774,139.666824,1988/4/1,,—L,,,,,‹vμs,‹vμsφ•¶‘Ω,,,,
112321,‹vμs,u‘J‘PΩvGz,,sw’θ,—πj‘—Ώ,,Βl‘ξ,ι‹Κ§‹vμs‹vμ’†‰›3’–Ϊ,,,1996/4/1,,,,,,,Βl,,,,,
112321,‹vμs,u\vGz,,sw’θ,—πj‘—Ώ,,Βl‘ξ,ι‹Κ§‹vμs‹vμ’†‰›4’–Ϊ,,,1996/4/1,,,,,,,Βl,,,,,
112321,‹vμs,ι‹Κ—‚ΜχJά\—’”άY•ρ‰¶”θ,,sw’θ,—πj‘—Ώ,,‚µ‚έ‚ρ”_‰€‹vμ,ι‹Κ§‹vμsZ–•”1344|1,36.070658,139.64781,1996/4/1,,—L,,,,,‹vμs,,,,,
112321,‹vμs,‰|–{‰Ζ•¶‘,,sw’θ,Γ•¶‘,,Βl‘ξ,ι‹Κ§‹vμs‹vμ’†‰›3’–Ϊ,,,1999/4/1,,,,,,,Βl,,,,,
112321,‹vμs,“y‰®‰Ζ•¶‘,,sw’θ,Γ•¶‘,,Βl‘ξ,ι‹Κ§‹vμs‹vμ’†‰›1’–Ϊ,,,1999/4/1,,,,,,,Βl,,,,,
112321,‹vμs,•Rζ¶Iΰ”V’n”θ,,sw’θ,—πj‘—Ώ,,Βl‘ξ,ι‹Κ§‹vμs‹vμ’†‰›2’–Ϊ,,,2000/4/1,,—L,,,,,Βl,,,,,
112321,‹vμs,•R’†“‡ζ¶”V•ζ,,sw’θ,—πj‘—Ώ,,υ–Ύ›,ι‹Κ§‹vμs–{’¬1’–Ϊ9-56,36.070715,139.669975,2000/4/1,,—L,,,,,υ–Ύ›,,,,,
112321,‹vμs,‹vμ”‰__Π‚ΜRΤs–i“V‰¤—lE’ρ“”Υj,,sw’θ,–³`–―‘­,,‹vμ”‰__Π,ι‹Κ§‹vμs‹vμ’†‰›‚Ω‚©,36.069564,139.672217,2004/4/1,“nδΥ(7/12)AKΥ(7/18),—L,,,,,‹vμsΥ“TΟυ‰ο,,,,,
112321,‹vμs,‹γ‰¤‰@–ςt“°“D,,sw’θ,—πj‘—Ώ,,‹vμs—§‹½“y‘—ΏΩ,ι‹Κ§‹vμsh‹{5’–Ϊ33-1,36.09918694,139.665475,2004/4/1,,,,,,,•s“®›,‹vμs—§‹½“y‘—ΏΩ,,,,
112321,‹vμs,γ΄‹v”β_Π‚ΜRΤs–i“V‰¤—lj,,sw’θ,–³`–―‘­,,γ΄‹v”β_Π,ι‹Κ§‹vμsγ΄‹v,36.083837,139.64886,2005/4/1,7/15‚Ι‹ί‚Ά“ϊ—j“ϊ,—L,,,,,γ΄‹vΥ“TΐsΟυ‰ο,,,,,
112321,‹vμs,‰iϋM‰Ζ•¶‘,,sw’θ,Γ•¶‘,,Βl‘ξ,ι‹Κ§‹vμs–{’¬2’–Ϊ,,,2005/4/1,,,,,,,Βl,,,,,
112321,‹vμs,–Ψ‘ΆΉΟ‰Ή•μFΏ‘‹y‚Ρ~q,,sw’θ,’¤,,–­•›,ι‹Κ§‹vμs—’¬¬—Ρ2279,36.056453,139.584351,1985/6/4,,,,,,,–­•›EΟ‰Ή“°,,,,,
112321,‹vμs,•“c‰Ζ•¶‘,,sw’θ,Γ•¶‘,,Βl‘ξ,ι‹Κ§‹vμs—’¬γΤ,,,1985/6/4,,,,,,,Βl,,,,,
112321,‹vμs,–Ψ‘Ά”ωΉ–ε“V—§‘,,sw’θ,’¤,,’·•›,ι‹Κ§‹vμs—’¬—4531,36.07412111,139.607385,1989/2/20,,,,,,,’·•›,,,,,
112321,‹vμs,Ά–ν‘Ινq”ΒΞ“ƒ”k,,sw’θ,lΓ‘—Ώ,,Βl‘ξ,ι‹Κ§‹vμs—’¬γΤ,,,1989/2/20,,,,,,,Βl,,,,,
112321,‹vμs,γV–x‹vΙ“¤_ΠG”n,,sw’θ,—L`–―‘­,,γV–x‹vΙ“¤_Π,ι‹Κ§‹vμs—’¬V–x2346,36.07184306,139.5890369,1992/3/23,,,,,,,γV–x‹vΙ“¤_Π,,,,,
112321,‹vμs,—_ΠG”n,,sw’θ,—L`–―‘­,,—_Π,ι‹Κ§‹vμs—’¬—552,36.067833,139.604047,1992/3/23,,,,,,,—_Π,,,,,
112321,‹vμs,‘δ‹vΙ“¤_ΠG”n,,sw’θ,—L`–―‘­,,‘δ‹vΙ“¤_Π,ι‹Κ§‹vμs—’¬‘δ855,36.05457111,139.6216261,1992/3/23,,,,,,,‘δ‹vΙ“¤_Π,,,,,
112321,‹vμs,‰~‹σμ–Ψ‘Ά•s“®–Ύ‰¤Ώ‘,,sw’θ,’¤,,‹vμs—§‹½“y‘—ΏΩ,ι‹Κ§‹vμsh‹{5’–Ϊ33-1,36.09918694,139.665475,1992/11/30,,,,,,,K•›,‹vμs—§‹½“y‘—ΏΩ,,,,
112321,‹vμs,”‰__Π‚ΜRΤ,,sw’θ,—L`–―‘­,,ΔR}‹½”‰__Π,ι‹Κ§‹vμs—’¬ΔR}‹½77,36.038664,139.597493,1994/3/31,,,,,,,”‰__Π,,,,,
112321,‹vμs,‰~‹σμ–Ψ‘Ά”@—`—§‘,,sw’θ,’¤,,Όθ›,ι‹Κ§‹vμs—’¬V–x667,36.06569111,139.5948061,1998/2/20,,,,,,,Όθ›,,,,,
112321,‹vμs,–Ψ‘Ά—‡`Ά–ν‘Ι”@——§‘,,sw’θ,’¤,,νΟ“°,ι‹Κ§‹vμs—’¬ΔR}‹½1526-1,36.046058,139.60503,1998/2/20,,,,,,,νΟ“°,,,,,
112321,‹vμs,–Ψ‘Ά\κ–ΚΟ‰Ή—§‘,,sw’θ,’¤,,³–@‰@,ι‹Κ§‹vμs—’¬γΤ2767,36.03678611,139.5772369,1998/2/20,,,,,,,³–@‰@,,,,,
112321,‹vμs,ψ–{“ΰ“΅‰Ζ—π‘γ‚Μ•ζi•σβΈσ“ƒ‚Ω‚©j,,sw’θ,jΥ,,‘P@›,ι‹Κ§‹vμs—’¬‰ΊΤ2639,36.033184,139.577545,2007/3/29,,—L,,,,,Βl,,,,,
112321,‹vμs,‘P@›‰Γ‰iO”N–Α•σβΈσ“ƒ‹y‚Ρ•σ“ƒ‹L”θ,,sw’θ,—πj‘—Ώ,,‘P@›,ι‹Κ§‹vμs—’¬‰ΊΤ2639,36.033309,139.577891,2007/3/29,,—L,,,,,‘P@›,,,,,
112321,‹vμs,ΰ{ΰ€’n‘ ,,sw’θ,’¤,,ΰ{ΰ€’n‘ ,ι‹Κ§‹vμsI‹΄“3’–Ϊ15-7,36.134601,139.705902,1978/3/29,,—L,,,,,V’¬’n‘ ‘g‡,,,,,
112321,‹vμs,Zp–Ό†“ƒ,,sw’θ,—πj‘—Ώ,,[A›,ι‹Κ§‹vμsI‹΄“3’–Ϊ7-24,36.136553,139.70327,1978/3/29,,—L,,,,,[A›,,,,,
112321,‹vμs,–Ψ‘Ά’PMγlΦ‘,,sw’θ,’¤,,[A›,ι‹Κ§‹vμsI‹΄“3’–Ϊ7-24,36.13655611,139.7030019,1978/3/29,,,,,,,[A›,,,,,
112321,‹vμs,•ΐ–ΨάY•½‚Μ•ζ,,sw’θ,jΥ,,[A›,ι‹Κ§‹vμsI‹΄“3’–Ϊ7-24,36.136455,139.703302,1978/3/29,,—L,,,,,[A›,,,,,
112321,‹vμs,£½’n‘ •μF—§‘,,sw’θ,’¤,,o‘ ‰@,ι‹Κ§‹vμsI‹΄–k2’–Ϊ14-16,36.14261889,139.7002381,1978/3/29,,,,,,,o‘ ‰@,,,,,
112321,‹vμs,””¦_Π‰Μ•‘κG”n,,sw’θ,—L`–―‘­,,²Τ””¦_Π,ι‹Κ§‹vμs²Τ577,36.12027,139.680477,1978/3/29,,,,,,,²Τ’n‹ζ,,,,,
112321,‹vμs,‰ο’Γ©‘—‚θξ‰Χ‚Μ“ΰ“a‹y‚Ρδ_‘Μ,,sw’θ,jΥ,,Βl‘ξ,ι‹Κ§‹vμsI‹΄“6’–Ϊ,36.130402,139.708547,1978/3/29,,,,,,,Βl,,,,,
112321,‹vμs,Γδ‘O‚Μ•ζ,,sw’θ,jΥ,,Γδ‘O‚Μ•ζ,ι‹Κ§‹vμsI‹΄’†‰›1’–Ϊ2,36.137621,139.694904,1978/3/29,,—L,,,,,Γδ‘OβΥ•Ϋ‘¶‰ο,,,,,
112321,‹vμs,–Ψ‘Ά’n‘ •μF—§‘,,sw’θ,’¤,,–kL“‡’n‘ “°,ι‹Κ§‹vμs–kL“‡1328,36.117816,139.703458,1978/3/29,,,,,,,–kL“‡’n‹ζ,,,,,
112321,‹vμs,–Ψ‘ΆΆ–ν‘Ι”@——§‘,,sw’θ,’¤,,°³›,ι‹Κ§‹vμsI‹΄“3’–Ϊ14-14,36.13644806,139.7053661,1978/3/29,,,,,,,°³›,,,,,
112321,‹vμs,”~ΰV‘ΎY‰E‰q–ε‚Μ•ζ,,sw’θ,jΥ,,ςM›,ι‹Κ§‹vμsI‹΄“3’–Ϊ8-15,36.136146,139.704284,1981/6/12,,—L,,,,,ςM›,,,,,
112321,‹vμs,’r“c›”V‰ξ‚Μ•ζ,,sw’θ,jΥ,,°³›,ι‹Κ§‹vμsI‹΄“3’–Ϊ14-14,36.136253,139.705511,1991/5/14,,—L,,,,,°³›,,,,,
112321,‹vμs,κ—Ά’Λ,,sw’θ,jΥ,,^υ›,ι‹Κ§‹vμs¬‰E‰q–ε517|3,36.114819,139.72285,1992/7/30,,—L,,,,,^υ›,,,,,
112321,‹vμs,”β_Π‚Μ_—`,,sw’θ,—L`–―‘­,,I‹΄”β_Π,ι‹Κ§‹vμsI‹΄–k2’–Ϊ15-1,36.143097,139.701364,1995/10/2,,—L,,,,,”β_Π,,,,,
112321,‹vμs,“‡“c‰Ζ•¶‘,,sw’θ,Γ•¶‘,,‹vμs—§‹½“y‘—ΏΩ,ι‹Κ§‹vμsh‹{5’–Ϊ33-1,36.09918694,139.665475,2006/4/27,,,,,,,‹vμs,‹vμs—§‹½“y‘—ΏΩ,,,,
112321,‹vμs,‹g“c‰Ζ…’Λ,,sw’θ,‘Ά•¨,,I‹΄•¶‰»‰οΩƒCƒƒX,ι‹Κ§‹vμsΙβ1562,36.128601,139.693966,2008/6/26,,—L,,,,,‹vμs,,,,,
112321,‹vμs,‰“c‰Ζ•¶‘,,sw’θ,Γ•¶‘,,‹vμs—§‹½“y‘—ΏΩ,ι‹Κ§‹vμsh‹{5’–Ϊ33-1,36.09918694,139.665475,2008/6/26,,,,,,,Βl,‹vμs—§‹½“y‘—ΏΩ,,,,
112321,‹vμs,–Ψ‘Ά–ςt”@—Ώ‘,,sw’θ,’¤,,υ“Ώ›,ι‹Κ§‹vμsγ“ΰ1282,36.08726389,139.6674669,1963/8/10,,,,,,,υ“Ώ›,,,,,
112321,‹vμs,”’Ξ‰Ζ•¶‘,,sw’θ,Γ•¶‘,,ι‹Κ§—§•¶‘Ω,ι‹Κ§‚³‚Ά‚½‚άs‰Ya‹ζ‚»4’–Ϊ3-18,35.85731611,139.64696,1963/8/10,,—L,,,,,Βl,ι‹Κ§—§•¶‘Ω,,,,
112321,‹vμs,–§‘ ‰@‚ΜΓ•¶‘,,sw’θ,Γ•¶‘,,–§‘ ›,ι‹Κ§‹vμs“‘ε—Φ175,36.10076806,139.679405,1963/8/10,,,,,,,–§‘ ›,,,,,
112321,‹vμs,‰ή—t‰@ΦW•¶‘,,sw’θ,Γ•¶‘,,‰ή—t‰@,ι‹Κ§‹vμsh‹{6’–Ϊ16-1,36.09729889,139.67015,1963/8/10,,,,,,,‰ή—t‰@,,,,,
112321,‹vμs,”•α‚Μ‚q•‘,,sw’θ,–³`–―‘­,,”•αh‹{_Π,ι‹Κ§‹vμs”•α,36.102781,139.686925,1977/7/18,7/24‚Ι‹ί‚Ά“ϊ—j“ϊ,—L,,,,,”•α‚q•‘•Ϋ‘¶‰ο,,,,,
112321,‹vμs,Ό‘ε—Φ‚Μ‚q•‘,,sw’θ,–³`–―‘­,,Ό‘ε—Φ_Π,ι‹Κ§‹vμsΌ‘ε—Φ,36.095683,139.674617,1977/7/18,7/25‚Ι‹ί‚Ά“ϊ—j“ϊ,—L,,,,,Ό‘ε—Φ‚q•‘•Ϋ‘¶‰ο,,,,,
112321,‹vμs,’†Θ‚Μ‚q•‘E–_p,,sw’θ,–³`–―‘­,,’†Θη_Π,ι‹Κ§‹vμs’†Θ,36.084775,139.649077,1977/7/18,7/25E10/19‚Ι‹ί‚Ά“ϊ—j“ϊ,—L,,,,,’†Θ‚q•‘E“JE–_p•Ϋ‘¶‰ο,,,,,
112321,‹vμs,‹“n•Σ‘½–ε‰Ζ‚Μƒ^ƒuƒmƒL,,sw’θ,“V‘R‹L”O•¨,,Βl‘ξ,ι‹Κ§‹vμsγμθ,36.07917889,139.6927181,1977/7/18,,—L,,,,,Βl,,,,,
112321,‹vμs,‘‘ς‰Ζ•¶‘,,sw’θ,Γ•¶‘,,ι‹Κ§—§•¶‘Ω,ι‹Κ§‚³‚Ά‚½‚άs‰Ya‹ζ‚»4’–Ϊ3-18,35.85731611,139.64696,1977/7/18,,—L,,,,,Βl,ι‹Κ§—§•¶‘Ω,,,,
112321,‹vμs,“cϋ‰Ζ‚Μ•¶‘,,sw’θ,Γ•¶‘,,ι‹Κ§—§•¶‘Ω,ι‹Κ§‚³‚Ά‚½‚άs‰Ya‹ζ‚»4’–Ϊ3-18,35.85731611,139.64696,1977/7/18,,—L,,,,,Βl,ι‹Κ§—§•¶‘Ω,,,,
112321,‹vμs,h‹{_ΠΦW‘—Ώ,,sw’θ,—πj‘—Ώ,,‹vμs—§‹½“y‘—ΏΩ,ι‹Κ§‹vμsh‹{5’–Ϊ33-1,36.09918694,139.665475,1977/9/8,,,,,,,h‹{_Π,‹vμs—§‹½“y‘—ΏΩ,,,,
112321,‹vμs,“Ί‘ΆΆ–ν‘Ι”@——§‘,,sw’θ,’¤,,³@›,ι‹Κ§‹vμsγμθ407,36.077921,139.692038,1977/9/8,,,,,,,³@›,,,,,
112321,‹vμs,j’J‰Ζ•¶‘,,sw’θ,Γ•¶‘,,Βl‘ξ,ι‹Κ§‹vμsh‹{2’–Ϊ,,,2009/6/3,,,,,,,Βl,,,,,
112321,‹vμs,‘¬©‰Ζ•¶‘,,sw’θ,Γ•¶‘,,‹vμs—§‹½“y‘—ΏΩ,ι‹Κ§‹vμsh‹{5’–Ϊ33-1,36.09918694,139.665475,2009/6/3,,,,,,,‹vμs,‹vμs—§‹½“y‘—ΏΩ,,,,
